{
	"info": {
		"_postman_id": "ebf8d975-363f-40b3-b628-659726a9ea2d",
		"name": "Library",
		"schema": "https://schema.getpostman.com/json/collection/v2.1.0/collection.json",
		"_exporter_id": "27607004"
	},
	"item": [
		{
			"name": "Filter Books",
			"request": {
				"method": "GET",
				"header": [],
				"url": {
					"raw": "localhost:5000/api/v1/filter?title=the&category=novel&author=fyo&language=english",
					"host": [
						"localhost"
					],
					"port": "5000",
					"path": [
						"api",
						"v1",
						"filter"
					],
					"query": [
						{
							"key": "title",
							"value": "the"
						},
						{
							"key": "available",
							"value": "true",
							"disabled": true
						},
						{
							"key": "category",
							"value": "novel"
						},
						{
							"key": "author",
							"value": "fyo"
						},
						{
							"key": "language",
							"value": "english"
						}
					]
				}
			},
			"response": []
		},
		{
			"name": "Login",
			"request": {
				"method": "POST",
				"header": [],
				"body": {
					"mode": "raw",
					"raw": "// {\r\n//     \"email\": \"amit.kc240@gmail.com\",\r\n//     \"password\": \"Amit@123\"\r\n// }\r\n\r\n{\r\n    \"email\": \"admin@gmail.com\",\r\n    \"password\": \"admin\"\r\n}",
					"options": {
						"raw": {
							"language": "json"
						}
					}
				},
				"url": {
					"raw": "localhost:5000/api/v1/login",
					"host": [
						"localhost"
					],
					"port": "5000",
					"path": [
						"api",
						"v1",
						"login"
					]
				}
			},
			"response": []
		},
		{
			"name": "SignUp",
			"request": {
				"method": "POST",
				"header": [],
				"body": {
					"mode": "raw",
					"raw": "// {\r\n//     \"username\": \"admin\" , \r\n//     \"email\" : \"admin@gmail.com\" ,\r\n//     \"phone\" : \"9847612345\" ,\r\n//     \"password\" : \"admin\",\r\n//     \"userType\" : \"admin_user\"\r\n// }\r\n{\r\n    \"username\": \"amitkc\" , \r\n    \"email\" : \"amit.kc240@gmail.com\" ,\r\n    \"phone\" : \"9847612345\" ,\r\n    \"password\" : \"Amitkc123@\"\r\n}",
					"options": {
						"raw": {
							"language": "json"
						}
					}
				},
				"url": {
					"raw": "localhost:5000/api/v1/signup",
					"host": [
						"localhost"
					],
					"port": "5000",
					"path": [
						"api",
						"v1",
						"signup"
					]
				}
			},
			"response": []
		},
		{
			"name": "VerifyEmail",
			"request": {
				"method": "POST",
				"header": [],
				"body": {
					"mode": "raw",
					"raw": "{\r\n    \"otpCode\" : \"8938\" \r\n}",
					"options": {
						"raw": {
							"language": "json"
						}
					}
				},
				"url": {
					"raw": "localhost:5000/api/v1/signup/verifyEmail",
					"host": [
						"localhost"
					],
					"port": "5000",
					"path": [
						"api",
						"v1",
						"signup",
						"verifyEmail"
					]
				}
			},
			"response": []
		},
		{
			"name": "Resend OTP",
			"request": {
				"method": "POST",
				"header": [],
				"body": {
					"mode": "raw",
					"raw": "",
					"options": {
						"raw": {
							"language": "json"
						}
					}
				},
				"url": {
					"raw": "localhost:5000/api/v1/signup/resendOtp",
					"host": [
						"localhost"
					],
					"port": "5000",
					"path": [
						"api",
						"v1",
						"signup",
						"resendOtp"
					]
				}
			},
			"response": []
		},
		{
			"name": "Get All Books",
			"request": {
				"method": "GET",
				"header": [],
				"url": {
					"raw": "localhost:5000/api/v1/books",
					"host": [
						"localhost"
					],
					"port": "5000",
					"path": [
						"api",
						"v1",
						"books"
					]
				}
			},
			"response": []
		},
		{
			"name": "Get Limited Books (8)",
			"request": {
				"method": "GET",
				"header": [],
				"url": {
					"raw": "localhost:5000/api/v1/book/?page=3",
					"host": [
						"localhost"
					],
					"port": "5000",
					"path": [
						"api",
						"v1",
						"book",
						""
					],
					"query": [
						{
							"key": "page",
							"value": "3"
						}
					]
				}
			},
			"response": []
		},
		{
			"name": "Book Transaction",
			"request": {
				"method": "POST",
				"header": [],
				"body": {
					"mode": "raw",
					"raw": "{\r\n    \"bookId\":\"647975881de41547d0528e56\"\r\n}\r\n\r\n// User requesting for a Book.",
					"options": {
						"raw": {
							"language": "json"
						}
					}
				},
				"url": {
					"raw": "localhost:5000/api/v1/requestBooks",
					"host": [
						"localhost"
					],
					"port": "5000",
					"path": [
						"api",
						"v1",
						"requestBooks"
					]
				}
			},
			"response": []
		},
		{
			"name": "Book Transaction PENDING",
			"request": {
				"method": "GET",
				"header": [],
				"url": {
					"raw": "localhost:5000/api/v1/requestBooks/",
					"host": [
						"localhost"
					],
					"port": "5000",
					"path": [
						"api",
						"v1",
						"requestBooks",
						""
					]
				}
			},
			"response": []
		},
		{
			"name": "Get Popular Books",
			"request": {
				"method": "GET",
				"header": [],
				"url": {
					"raw": "localhost:5000/api/v1/popularBooks",
					"host": [
						"localhost"
					],
					"port": "5000",
					"path": [
						"api",
						"v1",
						"popularBooks"
					]
				}
			},
			"response": []
		},
		{
			"name": "Book Transaction UPDATE Status",
			"request": {
				"method": "PATCH",
				"header": [],
				"body": {
					"mode": "raw",
					"raw": "{// Change issueStatus (TransactionID)\r\n    \"id\":\"64c798002ee87745dfc369a3\",\r\n    \"issueStatus\" : \"ACCEPTED\"\r\n}\r\n\r\n// {// User Returns Book (TransactionID)\r\n//     \"id\":\"64b0c3ac75c73e8e71a84095\",\r\n//     \"isReturned\" : true\r\n// }",
					"options": {
						"raw": {
							"language": "json"
						}
					}
				},
				"url": {
					"raw": "localhost:5000/api/v1/requestBooks",
					"host": [
						"localhost"
					],
					"port": "5000",
					"path": [
						"api",
						"v1",
						"requestBooks"
					]
				}
			},
			"response": []
		},
		{
			"name": "Book Transaction ACCEPTED",
			"request": {
				"method": "GET",
				"header": [],
				"url": {
					"raw": "localhost:5000/api/v1/requestBooks/notreturnedbooks",
					"host": [
						"localhost"
					],
					"port": "5000",
					"path": [
						"api",
						"v1",
						"requestBooks",
						"notreturnedbooks"
					]
				}
			},
			"response": []
		},
		{
			"name": "get All USERS",
			"request": {
				"method": "GET",
				"header": [],
				"url": {
					"raw": "localhost:5000/api/v1/users",
					"host": [
						"localhost"
					],
					"port": "5000",
					"path": [
						"api",
						"v1",
						"users"
					]
				}
			},
			"response": []
		},
		{
			"name": "Get Single Books",
			"request": {
				"method": "GET",
				"header": [],
				"url": {
					"raw": "localhost:5000/api/v1/books/647973e99d1daac1a4e03787",
					"host": [
						"localhost"
					],
					"port": "5000",
					"path": [
						"api",
						"v1",
						"books",
						"647973e99d1daac1a4e03787"
					]
				}
			},
			"response": []
		},
		{
			"name": "Update Book Image",
			"request": {
				"method": "PATCH",
				"header": [],
				"body": {
					"mode": "formdata",
					"formdata": [
						{
							"key": "image",
							"type": "file",
							"src": "/C:/Users/Amitk/Desktop/VSM Book.jpeg"
						}
					]
				},
				"url": {
					"raw": "localhost:5000/api/v1/books/updateImage/64c0a055f59443a74661b1a5",
					"host": [
						"localhost"
					],
					"port": "5000",
					"path": [
						"api",
						"v1",
						"books",
						"updateImage",
						"64c0a055f59443a74661b1a5"
					]
				}
			},
			"response": []
		},
		{
			"name": "get Single User BOOKS Transaction",
			"request": {
				"method": "GET",
				"header": [],
				"url": {
					"raw": "localhost:5000/api/v1/users/649179774afae22ac6166b6e",
					"host": [
						"localhost"
					],
					"port": "5000",
					"path": [
						"api",
						"v1",
						"users",
						"649179774afae22ac6166b6e"
					],
					"query": [
						{
							"key": "userId",
							"value": "648eb6cea9f4af7a36dec5e1",
							"disabled": true
						}
					]
				}
			},
			"response": []
		},
		{
			"name": "Fetch SingleUser Detail+All Book",
			"request": {
				"method": "POST",
				"header": [],
				"body": {
					"mode": "raw",
					"raw": "",
					"options": {
						"raw": {
							"language": "json"
						}
					}
				},
				"url": {
					"raw": "localhost:5000/api/v1/users/?userId=648eb6cea9f4af7a36dec5e1",
					"host": [
						"localhost"
					],
					"port": "5000",
					"path": [
						"api",
						"v1",
						"users",
						""
					],
					"query": [
						{
							"key": "userId",
							"value": "648eb6cea9f4af7a36dec5e1"
						}
					]
				}
			},
			"response": []
		},
		{
			"name": "Update User Detail (Username,Email,Password)",
			"request": {
				"method": "PATCH",
				"header": [],
				"body": {
					"mode": "raw",
					"raw": "{ \r\n//     \"username\" : \"ram\"\r\n// , \"email\" :  \"random@gmail.com\"\r\n// , \"phone\" : \"9812121212\"\r\n// , \r\n\r\n\"old_password\" : \"!Random123\"\r\n, \"new_password\" : \"Amit@123\"\r\n }",
					"options": {
						"raw": {
							"language": "json"
						}
					}
				},
				"url": {
					"raw": "localhost:5000/api/v1/users",
					"host": [
						"localhost"
					],
					"port": "5000",
					"path": [
						"api",
						"v1",
						"users"
					]
				}
			},
			"response": []
		},
		{
			"name": "Update EXTRA FINE",
			"request": {
				"method": "GET",
				"header": [],
				"url": {
					"raw": "localhost:5000/api/v1/checkbookreturn",
					"host": [
						"localhost"
					],
					"port": "5000",
					"path": [
						"api",
						"v1",
						"checkbookreturn"
					]
				}
			},
			"response": []
		},
		{
			"name": "ADMIN Issue Book",
			"request": {
				"method": "POST",
				"header": [],
				"body": {
					"mode": "raw",
					"raw": "{\r\n    \"bookId\":\"649688502b7ba4e870411173\",\r\n    \"userEmail\" : \"amit@gmail.com\"\r\n}",
					"options": {
						"raw": {
							"language": "json"
						}
					}
				},
				"url": {
					"raw": "localhost:5000/api/v1/requestBooks/issuebook",
					"host": [
						"localhost"
					],
					"port": "5000",
					"path": [
						"api",
						"v1",
						"requestBooks",
						"issuebook"
					]
				}
			},
			"response": []
		},
		{
			"name": "ForgotPassword 1st",
			"request": {
				"method": "POST",
				"header": [],
				"body": {
					"mode": "raw",
					"raw": "{\r\n    \"email\" : \"ami@gmail.com\",\r\n    \"phone\" : \"9847612345\"\r\n}",
					"options": {
						"raw": {
							"language": "json"
						}
					}
				},
				"url": {
					"raw": "localhost:5000/api/v1/forgotpassword",
					"host": [
						"localhost"
					],
					"port": "5000",
					"path": [
						"api",
						"v1",
						"forgotpassword"
					]
				}
			},
			"response": []
		},
		{
			"name": "Forgot Password 2nd",
			"request": {
				"method": "PATCH",
				"header": [],
				"body": {
					"mode": "raw",
					"raw": "{\r\n    \"userId\" : \"251175774afae22ac6166b6e\",\r\n    \"newPassword\" : \"amitkc\"\r\n}",
					"options": {
						"raw": {
							"language": "json"
						}
					}
				},
				"url": {
					"raw": "localhost:5000/api/v1/forgotpassword",
					"host": [
						"localhost"
					],
					"port": "5000",
					"path": [
						"api",
						"v1",
						"forgotpassword"
					]
				}
			},
			"response": []
		},
		{
			"name": "Algorithm TESTING",
			"request": {
				"method": "GET",
				"header": [],
				"url": {
					"raw": "localhost:5000/api/algotest",
					"host": [
						"localhost"
					],
					"port": "5000",
					"path": [
						"api",
						"algotest"
					]
				}
			},
			"response": []
		},
		{
			"name": "RECOMMENDED Books Fetch",
			"request": {
				"method": "GET",
				"header": [],
				"url": {
					"raw": "localhost:5000/api/v1/recommendedBooks",
					"host": [
						"localhost"
					],
					"port": "5000",
					"path": [
						"api",
						"v1",
						"recommendedBooks"
					]
				}
			},
			"response": []
		},
		{
			"name": "MONGODB Query Testing",
			"request": {
				"method": "GET",
				"header": [],
				"url": {
					"raw": "localhost:5000/api/v1/query",
					"host": [
						"localhost"
					],
					"port": "5000",
					"path": [
						"api",
						"v1",
						"query"
					]
				}
			},
			"response": []
		},
		{
			"name": "Admin Home Page Info",
			"request": {
				"method": "GET",
				"header": [],
				"url": {
					"raw": "localhost:5000/api/v1/adminHomePageInfo",
					"host": [
						"localhost"
					],
					"port": "5000",
					"path": [
						"api",
						"v1",
						"adminHomePageInfo"
					]
				}
			},
			"response": []
		},
		{
			"name": "Update User Email",
			"request": {
				"method": "POST",
				"header": [],
				"body": {
					"mode": "raw",
					"raw": "{ \r\n    \"userId\":\"64cfad59ba9e399c5ecfd957\", \r\n    \"newEmail\":\"amit.kc240@gmail.com\"\r\n}",
					"options": {
						"raw": {
							"language": "json"
						}
					}
				},
				"url": {
					"raw": "localhost:5000/api/v1/updateUserEmail",
					"host": [
						"localhost"
					],
					"port": "5000",
					"path": [
						"api",
						"v1",
						"updateUserEmail"
					]
				}
			},
			"response": []
		},
		{
			"name": "Resend Otp",
			"request": {
				"method": "GET",
				"header": [],
				"url": {
					"raw": "localhost:5000/api/v1/signup/resendOtp",
					"host": [
						"localhost"
					],
					"port": "5000",
					"path": [
						"api",
						"v1",
						"signup",
						"resendOtp"
					]
				}
			},
			"response": []
		},
		{
			"name": "Similar Books",
			"protocolProfileBehavior": {
				"disableBodyPruning": true
			},
			"request": {
				"method": "GET",
				"header": [],
				"body": {
					"mode": "raw",
					"raw": "",
					"options": {
						"raw": {
							"language": "json"
						}
					}
				},
				"url": {
					"raw": "localhost:5000/api/v1/similarBooks/649682031faf3efe0d583fe6",
					"host": [
						"localhost"
					],
					"port": "5000",
					"path": [
						"api",
						"v1",
						"similarBooks",
						"649682031faf3efe0d583fe6"
					]
				}
			},
			"response": []
		}
	]
}