[{
  "_id": {
    "$oid": "649685a7b32c6189e5652f78"
  },
  "bookId": "64797eff1de41547d0528eba",
  "bookTitle": "Inner Engineering: A Yogi's Guide to Joy",
  "issueQuantity": 10,
  "__v": 0
},{
  "_id": {
    "$oid": "649685a7b32c6189e5652f7f"
  },
  "bookId": "647975ec1de41547d0528e5e",
  "bookTitle": "Palpasa Cafe",
  "issueQuantity": 9,
  "__v": 0
},{
  "_id": {
    "$oid": "649685a7b32c6189e5652f86"
  },
  "bookId": "647978bc1de41547d0528e90",
  "bookTitle": "Into the Wild",
  "issueQuantity": 10,
  "__v": 0
},{
  "_id": {
    "$oid": "649685a8b32c6189e5652f8d"
  },
  "bookId": "647979321de41547d0528e9a",
  "bookTitle": "Atomic Habits: An Easy & Proven Way to Build Good Habits & Break Bad Ones",
  "issueQuantity": 7,
  "__v": 0
},{
  "_id": {
    "$oid": "649685a8b32c6189e5652f94"
  },
  "bookId": "64797fbe1de41547d0528ec6",
  "bookTitle": "Complete Works of Lao Tzu: Tao Teh Ching & Hau Hu Ching",
  "issueQuantity": 1,
  "__v": 0
},{
  "_id": {
    "$oid": "649685a9b32c6189e5652fa1"
  },
  "bookId": "649682031faf3efe0d583fe6",
  "bookTitle": "DEATH : AN INSIDE STORY",
  "issueQuantity": 1,
  "__v": 0
},{
  "_id": {
    "$oid": "649685a9b32c6189e5652fb4"
  },
  "bookId": "6479795b1de41547d0528e9c",
  "bookTitle": "Cant Hurt Me: Master Your Mind and Defy the Odds",
  "issueQuantity": 1,
  "__v": 0
},{
  "_id": {
    "$oid": "64968a792b7ba4e8704126e1"
  },
  "bookId": "64797f1e1de41547d0528ebe",
  "bookTitle": "Meditation: The First and Last Freedom",
  "issueQuantity": 1,
  "__v": 0
}]